CREATE TABLE DEPARTAMENTOS (ID NUMBER, NOMBRE VARCHAR2(30) CONSTRAINT DEPARTAMENTO_NOMBRE_NN NOT NULL, CONSTRAINT DEPARTAMENTOS_PK PRIMARY KEY (ID) );
 
 
CREATE TABLE PROYECTOS (ID NUMBER, NOMBRE VARCHAR2(30) CONSTRAINT PROYECTO_NOMBRE_NN NOT NULL, FECHA_INICIO DATE CONSTRAINT FECHA_INICIO_NN NOT NULL,
                        FECHA_FIN DATE CONSTRAINT FECHA_FIN_NN NOT NULL, CONSTRAINT PROYECTOS_PK PRIMARY KEY(ID));
                         
CREATE TABLE EMPLEADOS (ID NUMBER, NOMBRE VARCHAR2(30) CONSTRAINT EMPLEADO_NOMBRE_NN NOT NULL, 
                        APELLIDO VARCHAR2(30) CONSTRAINT EMPLEADO_APELLIDO_NN NOT NULL, EDAD NUMBER CONSTRAINT EMPLEADO_EDAD_NN NOT NULL,
                        GENERO CHAR(2) CONSTRAINT EMPLEDO_GENERO_NN NOT NULL, ID_DEPARTAMENTO NUMBER, TELEFONO VARCHAR2(10),
                        SALARIO NUMBER(10) CONSTRAINT EMPLEADO_SALARIO_NN NOT NULL, 
                        CONSTRAINT FK_EMPLEADOS_DEPARTAMENTOS FOREIGN KEY (ID_DEPARTAMENTO) REFERENCES DEPARTAMENTOS(ID));
                         
CREATE TABLE ASIGNACIONES (ID_EMPLEADO NUMBER, ID_PROYECTO NUMBER)
 
ALTER TABLE EMPLEADOS
ADD CONSTRAINT PK_EMPLEADOS PRIMARY KEY(ID);
 
ALTER TABLE ASIGNACIONES 
ADD CONSTRAINT FK_ASIGNACIONES_EMPLEADOS FOREIGN KEY (ID_EMPLEADO) REFERENCES EMPLEADOS(ID);
 
ALTER TABLE ASIGNACIONES 
ADD CONSTRAINT FK_ASIGNACIONES_PROYECTOS FOREIGN KEY (ID_PROYECTO) REFERENCES PROYECTOS(ID);

Insert into CETEQ.DEPARTAMENTOS (ID,NOMBRE) values (1,'Administración');
Insert into CETEQ.DEPARTAMENTOS (ID,NOMBRE) values (2,'Contabilidad');
Insert into CETEQ.DEPARTAMENTOS (ID,NOMBRE) values (3,'Recursos Humanos');
Insert into CETEQ.DEPARTAMENTOS (ID,NOMBRE) values (4,'Informática');
Insert into CETEQ.DEPARTAMENTOS (ID,NOMBRE) values (5,'Mercadotecnia');
Insert into CETEQ.DEPARTAMENTOS (ID,NOMBRE) values (6,'Mantenimiento');

Insert into CETEQ.EMPLEADOS (ID,NOMBRE,APELLIDO,EDAD,GENERO,ID_DEPARTAMENTO,TELEFONO,SALARIO) values (1,'Lucas','García',47,'M',2,null,2500);
Insert into CETEQ.EMPLEADOS (ID,NOMBRE,APELLIDO,EDAD,GENERO,ID_DEPARTAMENTO,TELEFONO,SALARIO) values (2,'Gabriel','Fernández',21,'M',2,null,2300);
Insert into CETEQ.EMPLEADOS (ID,NOMBRE,APELLIDO,EDAD,GENERO,ID_DEPARTAMENTO,TELEFONO,SALARIO) values (3,'Felipe','González',35,'M',2,null,1500);
Insert into CETEQ.EMPLEADOS (ID,NOMBRE,APELLIDO,EDAD,GENERO,ID_DEPARTAMENTO,TELEFONO,SALARIO) values (4,'Gustavo','Rodríguez',57,'M',4,'2223334445',3000);
Insert into CETEQ.EMPLEADOS (ID,NOMBRE,APELLIDO,EDAD,GENERO,ID_DEPARTAMENTO,TELEFONO,SALARIO) values (5,'Eduardo','López',26,'M',4,'2223187459',1500);
Insert into CETEQ.EMPLEADOS (ID,NOMBRE,APELLIDO,EDAD,GENERO,ID_DEPARTAMENTO,TELEFONO,SALARIO) values (6,'Pedro','Martínez',15,'M',4,null,3000);
Insert into CETEQ.EMPLEADOS (ID,NOMBRE,APELLIDO,EDAD,GENERO,ID_DEPARTAMENTO,TELEFONO,SALARIO) values (7,'Bruno','Sánchez',19,'M',4,null,1800);
Insert into CETEQ.EMPLEADOS (ID,NOMBRE,APELLIDO,EDAD,GENERO,ID_DEPARTAMENTO,TELEFONO,SALARIO) values (8,'Ricardo','Pérez',29,'M',6,null,4500);
Insert into CETEQ.EMPLEADOS (ID,NOMBRE,APELLIDO,EDAD,GENERO,ID_DEPARTAMENTO,TELEFONO,SALARIO) values (9,'Rafael','Martín',33,'M',null,null,4500);
Insert into CETEQ.EMPLEADOS (ID,NOMBRE,APELLIDO,EDAD,GENERO,ID_DEPARTAMENTO,TELEFONO,SALARIO) values (10,'Rodrigo','Gómez',39,'M',null,null,2500);


Insert into CETEQ.ASIGNACIONES (ID_EMPLEADO,ID_PROYECTO) values (1,1);
Insert into CETEQ.ASIGNACIONES (ID_EMPLEADO,ID_PROYECTO) values (2,1);
Insert into CETEQ.ASIGNACIONES (ID_EMPLEADO,ID_PROYECTO) values (3,2);
Insert into CETEQ.ASIGNACIONES (ID_EMPLEADO,ID_PROYECTO) values (4,3);
Insert into CETEQ.ASIGNACIONES (ID_EMPLEADO,ID_PROYECTO) values (5,3);
Insert into CETEQ.ASIGNACIONES (ID_EMPLEADO,ID_PROYECTO) values (6,4);
Insert into CETEQ.ASIGNACIONES (ID_EMPLEADO,ID_PROYECTO) values (7,4);
Insert into CETEQ.ASIGNACIONES (ID_EMPLEADO,ID_PROYECTO) values (8,6);
Commit;